date,api_name,calls
2024-01-01,로그인 API,13132
2024-01-01,AI튜터 API,12604
2024-01-01,STT API,11091
2024-01-01,수어 API,12757
2024-01-02,로그인 API,13258
2024-01-02,AI튜터 API,7242
2024-01-02,STT API,11181
2024-01-02,수어 API,13177
2024-01-03,로그인 API,10840
2024-01-03,AI튜터 API,11819
2024-01-03,STT API,8802
2024-01-03,수어 API,5576
2024-01-04,로그인 API,8757
2024-01-04,AI튜터 API,12834
2024-01-04,STT API,13829
2024-01-04,수어 API,6138
2024-01-05,로그인 API,11598
2024-01-05,AI튜터 API,8475
2024-01-05,STT API,5615
2024-01-05,수어 API,6273
2024-01-06,로그인 API,10112
2024-01-06,AI튜터 API,14304
2024-01-06,STT API,10349
2024-01-06,수어 API,6668
2024-01-07,로그인 API,6000
2024-01-07,AI튜터 API,13908
2024-01-07,STT API,11596
2024-01-07,수어 API,9247
2024-01-08,로그인 API,12474
2024-01-08,AI튜터 API,7149
2024-01-08,STT API,13704
2024-01-08,수어 API,11757
2024-01-09,로그인 API,6380
2024-01-09,AI튜터 API,6491
2024-01-09,STT API,14568
2024-01-09,수어 API,6349
2024-01-10,로그인 API,13483
2024-01-10,AI튜터 API,7232
2024-01-10,STT API,9054
2024-01-10,수어 API,8447
2024-01-11,로그인 API,6998
2024-01-11,AI튜터 API,12153
2024-01-11,STT API,14172
2024-01-11,수어 API,7643
2024-01-12,로그인 API,9021
2024-01-12,AI튜터 API,6461
2024-01-12,STT API,5502
2024-01-12,수어 API,5764
2024-01-13,로그인 API,14535
2024-01-13,AI튜터 API,8458
2024-01-13,STT API,7095
2024-01-13,수어 API,13190
2024-01-14,로그인 API,5076
2024-01-14,AI튜터 API,7461
2024-01-14,STT API,7654
2024-01-14,수어 API,9224
2024-01-15,로그인 API,5064
2024-01-15,AI튜터 API,10319
2024-01-15,STT API,10618
2024-01-15,수어 API,10577
2024-01-16,로그인 API,10455
2024-01-16,AI튜터 API,14890
2024-01-16,STT API,13252
2024-01-16,수어 API,8107
2024-01-17,로그인 API,11275
2024-01-17,AI튜터 API,7998
2024-01-17,STT API,7904
2024-01-17,수어 API,8661
2024-01-18,로그인 API,6324
2024-01-18,AI튜터 API,10420
2024-01-18,STT API,14739
2024-01-18,수어 API,14102
2024-01-19,로그인 API,13552
2024-01-19,AI튜터 API,14977
2024-01-19,STT API,5311
2024-01-19,수어 API,8772
2024-01-20,로그인 API,8877
2024-01-20,AI튜터 API,14102
2024-01-20,STT API,14081
2024-01-20,수어 API,11070
2024-01-21,로그인 API,9441
2024-01-21,AI튜터 API,11248
2024-01-21,STT API,6600
2024-01-21,수어 API,13544
2024-01-22,로그인 API,11743
2024-01-22,AI튜터 API,14950
2024-01-22,STT API,12915
2024-01-22,수어 API,6293
2024-01-23,로그인 API,11517
2024-01-23,AI튜터 API,6189
2024-01-23,STT API,7383
2024-01-23,수어 API,5736
2024-01-24,로그인 API,6324
2024-01-24,AI튜터 API,6022
2024-01-24,STT API,10730
2024-01-24,수어 API,6572
2024-01-25,로그인 API,8794
2024-01-25,AI튜터 API,12113
2024-01-25,STT API,13300
2024-01-25,수어 API,10920
2024-01-26,로그인 API,5853
2024-01-26,AI튜터 API,6141
2024-01-26,STT API,12279
2024-01-26,수어 API,12699
2024-01-27,로그인 API,13909
2024-01-27,AI튜터 API,7573
2024-01-27,STT API,13377
2024-01-27,수어 API,9595
2024-01-28,로그인 API,13706
2024-01-28,AI튜터 API,9856
2024-01-28,STT API,6885
2024-01-28,수어 API,8084
2024-01-29,로그인 API,11941
2024-01-29,AI튜터 API,10488
2024-01-29,STT API,9650
2024-01-29,수어 API,12585
2024-01-30,로그인 API,9088
2024-01-30,AI튜터 API,13825
2024-01-30,STT API,5778
2024-01-30,수어 API,13882
2024-01-31,로그인 API,12147
2024-01-31,AI튜터 API,9620
2024-01-31,STT API,9226
2024-01-31,수어 API,8635
2024-02-01,로그인 API,10107
2024-02-01,AI튜터 API,5187
2024-02-01,STT API,11248
2024-02-01,수어 API,12445
2024-02-02,로그인 API,6582
2024-02-02,AI튜터 API,13183
2024-02-02,STT API,11081
2024-02-02,수어 API,7454
2024-02-03,로그인 API,5752
2024-02-03,AI튜터 API,7429
2024-02-03,STT API,6153
2024-02-03,수어 API,9814
2024-02-04,로그인 API,12216
2024-02-04,AI튜터 API,13260
2024-02-04,STT API,12467
2024-02-04,수어 API,7798
2024-02-05,로그인 API,6446
2024-02-05,AI튜터 API,5648
2024-02-05,STT API,8773
2024-02-05,수어 API,6983
2024-02-06,로그인 API,13452
2024-02-06,AI튜터 API,5364
2024-02-06,STT API,5710
2024-02-06,수어 API,11218
2024-02-07,로그인 API,12513
2024-02-07,AI튜터 API,13407
2024-02-07,STT API,11175
2024-02-07,수어 API,10189
2024-02-08,로그인 API,6524
2024-02-08,AI튜터 API,6950
2024-02-08,STT API,13457
2024-02-08,수어 API,10365
2024-02-09,로그인 API,12505
2024-02-09,AI튜터 API,9024
2024-02-09,STT API,12383
2024-02-09,수어 API,7190
2024-02-10,로그인 API,5473
2024-02-10,AI튜터 API,14595
2024-02-10,STT API,10141
2024-02-10,수어 API,7588
2024-02-11,로그인 API,9399
2024-02-11,AI튜터 API,6874
2024-02-11,STT API,14755
2024-02-11,수어 API,7189
2024-02-12,로그인 API,6674
2024-02-12,AI튜터 API,10621
2024-02-12,STT API,10265
2024-02-12,수어 API,13194
2024-02-13,로그인 API,7063
2024-02-13,AI튜터 API,9199
2024-02-13,STT API,6359
2024-02-13,수어 API,10329
2024-02-14,로그인 API,6397
2024-02-14,AI튜터 API,7507
2024-02-14,STT API,14123
2024-02-14,수어 API,9851
2024-02-15,로그인 API,8255
2024-02-15,AI튜터 API,10531
2024-02-15,STT API,13180
2024-02-15,수어 API,5029
2024-02-16,로그인 API,5509
2024-02-16,AI튜터 API,13372
2024-02-16,STT API,7548
2024-02-16,수어 API,11330
2024-02-17,로그인 API,6061
2024-02-17,AI튜터 API,8565
2024-02-17,STT API,7177
2024-02-17,수어 API,7872
2024-02-18,로그인 API,14113
2024-02-18,AI튜터 API,7343
2024-02-18,STT API,13120
2024-02-18,수어 API,11201
2024-02-19,로그인 API,6592
2024-02-19,AI튜터 API,6847
2024-02-19,STT API,8639
2024-02-19,수어 API,6825
2024-02-20,로그인 API,10592
2024-02-20,AI튜터 API,9340
2024-02-20,STT API,8928
2024-02-20,수어 API,5133
2024-02-21,로그인 API,5418
2024-02-21,AI튜터 API,12241
2024-02-21,STT API,14552
2024-02-21,수어 API,9180
2024-02-22,로그인 API,11353
2024-02-22,AI튜터 API,11403
2024-02-22,STT API,14253
2024-02-22,수어 API,10454
2024-02-23,로그인 API,10221
2024-02-23,AI튜터 API,11763
2024-02-23,STT API,10176
2024-02-23,수어 API,12564
2024-02-24,로그인 API,13474
2024-02-24,AI튜터 API,9623
2024-02-24,STT API,12521
2024-02-24,수어 API,7426
2024-02-25,로그인 API,5220
2024-02-25,AI튜터 API,11190
2024-02-25,STT API,5995
2024-02-25,수어 API,9950
2024-02-26,로그인 API,5620
2024-02-26,AI튜터 API,9230
2024-02-26,STT API,7929
2024-02-26,수어 API,11718
2024-02-27,로그인 API,10028
2024-02-27,AI튜터 API,5643
2024-02-27,STT API,8777
2024-02-27,수어 API,11380
2024-02-28,로그인 API,11890
2024-02-28,AI튜터 API,7070
2024-02-28,STT API,9707
2024-02-28,수어 API,10584
2024-02-29,로그인 API,5388
2024-02-29,AI튜터 API,11008
2024-02-29,STT API,13876
2024-02-29,수어 API,9418
2024-03-01,로그인 API,11782
2024-03-01,AI튜터 API,14603
2024-03-01,STT API,9109
2024-03-01,수어 API,10448
2024-03-02,로그인 API,14988
2024-03-02,AI튜터 API,5618
2024-03-02,STT API,14112
2024-03-02,수어 API,13586
2024-03-03,로그인 API,11557
2024-03-03,AI튜터 API,12793
2024-03-03,STT API,13842
2024-03-03,수어 API,11015
2024-03-04,로그인 API,9343
2024-03-04,AI튜터 API,14481
2024-03-04,STT API,9875
2024-03-04,수어 API,12455
2024-03-05,로그인 API,14824
2024-03-05,AI튜터 API,5496
2024-03-05,STT API,9479
2024-03-05,수어 API,7958
2024-03-06,로그인 API,9313
2024-03-06,AI튜터 API,10341
2024-03-06,STT API,12660
2024-03-06,수어 API,12947
2024-03-07,로그인 API,11248
2024-03-07,AI튜터 API,13688
2024-03-07,STT API,12744
2024-03-07,수어 API,6534
2024-03-08,로그인 API,9051
2024-03-08,AI튜터 API,12426
2024-03-08,STT API,11315
2024-03-08,수어 API,13537
2024-03-09,로그인 API,13562
2024-03-09,AI튜터 API,13773
2024-03-09,STT API,11990
2024-03-09,수어 API,9574
2024-03-10,로그인 API,13404
2024-03-10,AI튜터 API,6166
2024-03-10,STT API,8250
2024-03-10,수어 API,6166
2024-03-11,로그인 API,12758
2024-03-11,AI튜터 API,12587
2024-03-11,STT API,11103
2024-03-11,수어 API,8348
2024-03-12,로그인 API,11369
2024-03-12,AI튜터 API,9976
2024-03-12,STT API,12531
2024-03-12,수어 API,11987
2024-03-13,로그인 API,13695
2024-03-13,AI튜터 API,12481
2024-03-13,STT API,5324
2024-03-13,수어 API,8565
2024-03-14,로그인 API,6245
2024-03-14,AI튜터 API,5040
2024-03-14,STT API,8713
2024-03-14,수어 API,7167
2024-03-15,로그인 API,12510
2024-03-15,AI튜터 API,5174
2024-03-15,STT API,10760
2024-03-15,수어 API,6283
2024-03-16,로그인 API,13792
2024-03-16,AI튜터 API,11394
2024-03-16,STT API,12733
2024-03-16,수어 API,5469
2024-03-17,로그인 API,14034
2024-03-17,AI튜터 API,13145
2024-03-17,STT API,8035
2024-03-17,수어 API,6690
2024-03-18,로그인 API,6320
2024-03-18,AI튜터 API,9863
2024-03-18,STT API,10294
2024-03-18,수어 API,8258
2024-03-19,로그인 API,11343
2024-03-19,AI튜터 API,6441
2024-03-19,STT API,14638
2024-03-19,수어 API,14170
2024-03-20,로그인 API,14193
2024-03-20,AI튜터 API,11745
2024-03-20,STT API,8980
2024-03-20,수어 API,12619
2024-03-21,로그인 API,14068
2024-03-21,AI튜터 API,10640
2024-03-21,STT API,14460
2024-03-21,수어 API,10672
2024-03-22,로그인 API,10714
2024-03-22,AI튜터 API,10729
2024-03-22,STT API,10917
2024-03-22,수어 API,6417
2024-03-23,로그인 API,13794
2024-03-23,AI튜터 API,5744
2024-03-23,STT API,8016
2024-03-23,수어 API,12399
2024-03-24,로그인 API,9638
2024-03-24,AI튜터 API,14247
2024-03-24,STT API,8889
2024-03-24,수어 API,8897
2024-03-25,로그인 API,8388
2024-03-25,AI튜터 API,6821
2024-03-25,STT API,6834
2024-03-25,수어 API,13332
2024-03-26,로그인 API,8461
2024-03-26,AI튜터 API,12999
2024-03-26,STT API,9130
2024-03-26,수어 API,14566
2024-03-27,로그인 API,10187
2024-03-27,AI튜터 API,10489
2024-03-27,STT API,8318
2024-03-27,수어 API,6563
2024-03-28,로그인 API,12338
2024-03-28,AI튜터 API,9443
2024-03-28,STT API,9287
2024-03-28,수어 API,10819
2024-03-29,로그인 API,12229
2024-03-29,AI튜터 API,8155
2024-03-29,STT API,9273
2024-03-29,수어 API,6950
2024-03-30,로그인 API,14427
2024-03-30,AI튜터 API,8480
2024-03-30,STT API,9050
2024-03-30,수어 API,9224
2024-03-31,로그인 API,11608
2024-03-31,AI튜터 API,13445
2024-03-31,STT API,6431
2024-03-31,수어 API,10550
2024-04-01,로그인 API,9586
2024-04-01,AI튜터 API,6039
2024-04-01,STT API,14575
2024-04-01,수어 API,5809
2024-04-02,로그인 API,8725
2024-04-02,AI튜터 API,9302
2024-04-02,STT API,12288
2024-04-02,수어 API,7257
2024-04-03,로그인 API,5066
2024-04-03,AI튜터 API,5622
2024-04-03,STT API,10860
2024-04-03,수어 API,11893
2024-04-04,로그인 API,9261
2024-04-04,AI튜터 API,7355
2024-04-04,STT API,12436
2024-04-04,수어 API,10939
2024-04-05,로그인 API,9105
2024-04-05,AI튜터 API,10929
2024-04-05,STT API,10861
2024-04-05,수어 API,12586
2024-04-06,로그인 API,5981
2024-04-06,AI튜터 API,10967
2024-04-06,STT API,5663
2024-04-06,수어 API,6754
2024-04-07,로그인 API,10688
2024-04-07,AI튜터 API,11178
2024-04-07,STT API,12853
2024-04-07,수어 API,12799
2024-04-08,로그인 API,9908
2024-04-08,AI튜터 API,9151
2024-04-08,STT API,9312
2024-04-08,수어 API,13627
2024-04-09,로그인 API,6794
2024-04-09,AI튜터 API,9453
2024-04-09,STT API,9891
2024-04-09,수어 API,14917
2024-04-10,로그인 API,5471
2024-04-10,AI튜터 API,9327
2024-04-10,STT API,14235
2024-04-10,수어 API,11774
2024-04-11,로그인 API,12073
2024-04-11,AI튜터 API,10224
2024-04-11,STT API,11660
2024-04-11,수어 API,14014
2024-04-12,로그인 API,10015
2024-04-12,AI튜터 API,6576
2024-04-12,STT API,10533
2024-04-12,수어 API,8045
2024-04-13,로그인 API,5940
2024-04-13,AI튜터 API,5739
2024-04-13,STT API,13374
2024-04-13,수어 API,5344
2024-04-14,로그인 API,14617
2024-04-14,AI튜터 API,10565
2024-04-14,STT API,6771
2024-04-14,수어 API,6336
2024-04-15,로그인 API,10120
2024-04-15,AI튜터 API,9388
2024-04-15,STT API,7825
2024-04-15,수어 API,6215
2024-04-16,로그인 API,6006
2024-04-16,AI튜터 API,6522
2024-04-16,STT API,7189
2024-04-16,수어 API,9889
2024-04-17,로그인 API,6802
2024-04-17,AI튜터 API,8700
2024-04-17,STT API,14607
2024-04-17,수어 API,6599
2024-04-18,로그인 API,13435
2024-04-18,AI튜터 API,8251
2024-04-18,STT API,6237
2024-04-18,수어 API,12576
2024-04-19,로그인 API,9480
2024-04-19,AI튜터 API,13365
2024-04-19,STT API,7606
2024-04-19,수어 API,10170
2024-04-20,로그인 API,7303
2024-04-20,AI튜터 API,11376
2024-04-20,STT API,5196
2024-04-20,수어 API,14420
2024-04-21,로그인 API,11746
2024-04-21,AI튜터 API,13519
2024-04-21,STT API,7079
2024-04-21,수어 API,9598
2024-04-22,로그인 API,6491
2024-04-22,AI튜터 API,11229
2024-04-22,STT API,13974
2024-04-22,수어 API,11574
2024-04-23,로그인 API,14616
2024-04-23,AI튜터 API,10268
2024-04-23,STT API,14616
2024-04-23,수어 API,10814
2024-04-24,로그인 API,8802
2024-04-24,AI튜터 API,13745
2024-04-24,STT API,5099
2024-04-24,수어 API,13331
2024-04-25,로그인 API,5231
2024-04-25,AI튜터 API,14882
2024-04-25,STT API,8648
2024-04-25,수어 API,9290
2024-04-26,로그인 API,5758
2024-04-26,AI튜터 API,7235
2024-04-26,STT API,14220
2024-04-26,수어 API,9448
2024-04-27,로그인 API,12513
2024-04-27,AI튜터 API,13438
2024-04-27,STT API,14656
2024-04-27,수어 API,11210
2024-04-28,로그인 API,13268
2024-04-28,AI튜터 API,10456
2024-04-28,STT API,10141
2024-04-28,수어 API,11976
2024-04-29,로그인 API,12226
2024-04-29,AI튜터 API,12852
2024-04-29,STT API,9203
2024-04-29,수어 API,6391
2024-04-30,로그인 API,7487
2024-04-30,AI튜터 API,10715
2024-04-30,STT API,10784
2024-04-30,수어 API,10221
2024-05-01,로그인 API,5412
2024-05-01,AI튜터 API,13970
2024-05-01,STT API,6020
2024-05-01,수어 API,6405
2024-05-02,로그인 API,14972
2024-05-02,AI튜터 API,8824
2024-05-02,STT API,14086
2024-05-02,수어 API,14080
2024-05-03,로그인 API,11610
2024-05-03,AI튜터 API,11453
2024-05-03,STT API,8292
2024-05-03,수어 API,13953
2024-05-04,로그인 API,11323
2024-05-04,AI튜터 API,5111
2024-05-04,STT API,12129
2024-05-04,수어 API,9972
2024-05-05,로그인 API,6738
2024-05-05,AI튜터 API,5355
2024-05-05,STT API,13358
2024-05-05,수어 API,12233
2024-05-06,로그인 API,9894
2024-05-06,AI튜터 API,13396
2024-05-06,STT API,14152
2024-05-06,수어 API,9534
2024-05-07,로그인 API,5718
2024-05-07,AI튜터 API,13400
2024-05-07,STT API,11557
2024-05-07,수어 API,5281
2024-05-08,로그인 API,13874
2024-05-08,AI튜터 API,8758
2024-05-08,STT API,11137
2024-05-08,수어 API,14374
2024-05-09,로그인 API,11394
2024-05-09,AI튜터 API,6006
2024-05-09,STT API,9814
2024-05-09,수어 API,11631
2024-05-10,로그인 API,12103
2024-05-10,AI튜터 API,10939
2024-05-10,STT API,9344
2024-05-10,수어 API,5368
2024-05-11,로그인 API,8243
2024-05-11,AI튜터 API,6955
2024-05-11,STT API,14622
2024-05-11,수어 API,10243
2024-05-12,로그인 API,9128
2024-05-12,AI튜터 API,8133
2024-05-12,STT API,13049
2024-05-12,수어 API,6189
2024-05-13,로그인 API,10007
2024-05-13,AI튜터 API,8226
2024-05-13,STT API,6543
2024-05-13,수어 API,10375
2024-05-14,로그인 API,8479
2024-05-14,AI튜터 API,7485
2024-05-14,STT API,13287
2024-05-14,수어 API,14678
2024-05-15,로그인 API,6028
2024-05-15,AI튜터 API,11110
2024-05-15,STT API,10075
2024-05-15,수어 API,8826
2024-05-16,로그인 API,6892
2024-05-16,AI튜터 API,9007
2024-05-16,STT API,5418
2024-05-16,수어 API,9610
2024-05-17,로그인 API,13371
2024-05-17,AI튜터 API,7455
2024-05-17,STT API,10579
2024-05-17,수어 API,9612
2024-05-18,로그인 API,10741
2024-05-18,AI튜터 API,5704
2024-05-18,STT API,5663
2024-05-18,수어 API,6339
2024-05-19,로그인 API,12334
2024-05-19,AI튜터 API,12549
2024-05-19,STT API,10679
2024-05-19,수어 API,13242
2024-05-20,로그인 API,10858
2024-05-20,AI튜터 API,13228
2024-05-20,STT API,14224
2024-05-20,수어 API,11787
2024-05-21,로그인 API,9719
2024-05-21,AI튜터 API,13756
2024-05-21,STT API,13885
2024-05-21,수어 API,7925
2024-05-22,로그인 API,11272
2024-05-22,AI튜터 API,8377
2024-05-22,STT API,5887
2024-05-22,수어 API,5357
2024-05-23,로그인 API,8129
2024-05-23,AI튜터 API,10054
2024-05-23,STT API,7682
2024-05-23,수어 API,9189
2024-05-24,로그인 API,11064
2024-05-24,AI튜터 API,9625
2024-05-24,STT API,7360
2024-05-24,수어 API,8307
2024-05-25,로그인 API,7730
2024-05-25,AI튜터 API,6822
2024-05-25,STT API,13789
2024-05-25,수어 API,11386
2024-05-26,로그인 API,11714
2024-05-26,AI튜터 API,7177
2024-05-26,STT API,8256
2024-05-26,수어 API,14693
2024-05-27,로그인 API,9573
2024-05-27,AI튜터 API,13699
2024-05-27,STT API,7257
2024-05-27,수어 API,7516
2024-05-28,로그인 API,13301
2024-05-28,AI튜터 API,12202
2024-05-28,STT API,14693
2024-05-28,수어 API,10214
2024-05-29,로그인 API,9987
2024-05-29,AI튜터 API,10689
2024-05-29,STT API,6981
2024-05-29,수어 API,11359
2024-05-30,로그인 API,12495
2024-05-30,AI튜터 API,10794
2024-05-30,STT API,5927
2024-05-30,수어 API,13035
2024-05-31,로그인 API,11597
2024-05-31,AI튜터 API,8062
2024-05-31,STT API,12039
2024-05-31,수어 API,5148
2024-06-01,로그인 API,5947
2024-06-01,AI튜터 API,11486
2024-06-01,STT API,7558
2024-06-01,수어 API,10536
2024-06-02,로그인 API,14942
2024-06-02,AI튜터 API,10076
2024-06-02,STT API,11576
2024-06-02,수어 API,11917
2024-06-03,로그인 API,8133
2024-06-03,AI튜터 API,11931
2024-06-03,STT API,12800
2024-06-03,수어 API,13142
2024-06-04,로그인 API,5301
2024-06-04,AI튜터 API,6931
2024-06-04,STT API,14464
2024-06-04,수어 API,9049
2024-06-05,로그인 API,10517
2024-06-05,AI튜터 API,10059
2024-06-05,STT API,10937
2024-06-05,수어 API,10828
2024-06-06,로그인 API,8531
2024-06-06,AI튜터 API,14587
2024-06-06,STT API,9189
2024-06-06,수어 API,5494
2024-06-07,로그인 API,10426
2024-06-07,AI튜터 API,13934
2024-06-07,STT API,6933
2024-06-07,수어 API,12596
2024-06-08,로그인 API,10413
2024-06-08,AI튜터 API,14426
2024-06-08,STT API,13248
2024-06-08,수어 API,5315
2024-06-09,로그인 API,13770
2024-06-09,AI튜터 API,7100
2024-06-09,STT API,5707
2024-06-09,수어 API,6213
2024-06-10,로그인 API,5522
2024-06-10,AI튜터 API,5778
2024-06-10,STT API,14193
2024-06-10,수어 API,8984
2024-06-11,로그인 API,6434
2024-06-11,AI튜터 API,6702
2024-06-11,STT API,13653
2024-06-11,수어 API,14063
2024-06-12,로그인 API,12854
2024-06-12,AI튜터 API,11643
2024-06-12,STT API,10423
2024-06-12,수어 API,13322
2024-06-13,로그인 API,11655
2024-06-13,AI튜터 API,9869
2024-06-13,STT API,6840
2024-06-13,수어 API,12505
2024-06-14,로그인 API,6872
2024-06-14,AI튜터 API,5703
2024-06-14,STT API,6149
2024-06-14,수어 API,10048
2024-06-15,로그인 API,14994
2024-06-15,AI튜터 API,5871
2024-06-15,STT API,6895
2024-06-15,수어 API,12078
2024-06-16,로그인 API,10717
2024-06-16,AI튜터 API,11550
2024-06-16,STT API,12762
2024-06-16,수어 API,5398
2024-06-17,로그인 API,9535
2024-06-17,AI튜터 API,8053
2024-06-17,STT API,11076
2024-06-17,수어 API,11070
2024-06-18,로그인 API,11647
2024-06-18,AI튜터 API,13044
2024-06-18,STT API,9371
2024-06-18,수어 API,14661
2024-06-19,로그인 API,11518
2024-06-19,AI튜터 API,5519
2024-06-19,STT API,14657
2024-06-19,수어 API,11632
2024-06-20,로그인 API,5317
2024-06-20,AI튜터 API,7276
2024-06-20,STT API,14116
2024-06-20,수어 API,8498
2024-06-21,로그인 API,12654
2024-06-21,AI튜터 API,6357
2024-06-21,STT API,11163
2024-06-21,수어 API,13482
2024-06-22,로그인 API,11510
2024-06-22,AI튜터 API,14530
2024-06-22,STT API,14942
2024-06-22,수어 API,5478
2024-06-23,로그인 API,10600
2024-06-23,AI튜터 API,7415
2024-06-23,STT API,10978
2024-06-23,수어 API,10007
2024-06-24,로그인 API,9916
2024-06-24,AI튜터 API,13629
2024-06-24,STT API,5085
2024-06-24,수어 API,9380
2024-06-25,로그인 API,11471
2024-06-25,AI튜터 API,13345
2024-06-25,STT API,12205
2024-06-25,수어 API,6928
2024-06-26,로그인 API,13355
2024-06-26,AI튜터 API,9345
2024-06-26,STT API,5702
2024-06-26,수어 API,11738
2024-06-27,로그인 API,7060
2024-06-27,AI튜터 API,9527
2024-06-27,STT API,6176
2024-06-27,수어 API,8654
2024-06-28,로그인 API,9803
2024-06-28,AI튜터 API,6509
2024-06-28,STT API,6638
2024-06-28,수어 API,13083
2024-06-29,로그인 API,11853
2024-06-29,AI튜터 API,7990
2024-06-29,STT API,14453
2024-06-29,수어 API,13256
2024-06-30,로그인 API,12944
2024-06-30,AI튜터 API,9613
2024-06-30,STT API,9870
2024-06-30,수어 API,11916
2024-07-01,로그인 API,5383
2024-07-01,AI튜터 API,7281
2024-07-01,STT API,5669
2024-07-01,수어 API,8749
2024-07-02,로그인 API,5435
2024-07-02,AI튜터 API,6835
2024-07-02,STT API,8692
2024-07-02,수어 API,5728
2024-07-03,로그인 API,14500
2024-07-03,AI튜터 API,7089
2024-07-03,STT API,9061
2024-07-03,수어 API,14411
2024-07-04,로그인 API,12572
2024-07-04,AI튜터 API,9476
2024-07-04,STT API,11219
2024-07-04,수어 API,7019
2024-07-05,로그인 API,14730
2024-07-05,AI튜터 API,9307
2024-07-05,STT API,9831
2024-07-05,수어 API,6186
2024-07-06,로그인 API,5273
2024-07-06,AI튜터 API,6808
2024-07-06,STT API,9049
2024-07-06,수어 API,12487
2024-07-07,로그인 API,14329
2024-07-07,AI튜터 API,5397
2024-07-07,STT API,12238
2024-07-07,수어 API,7526
2024-07-08,로그인 API,14986
2024-07-08,AI튜터 API,11510
2024-07-08,STT API,14696
2024-07-08,수어 API,10507
2024-07-09,로그인 API,14951
2024-07-09,AI튜터 API,11103
2024-07-09,STT API,13244
2024-07-09,수어 API,13738
2024-07-10,로그인 API,7780
2024-07-10,AI튜터 API,8029
2024-07-10,STT API,11125
2024-07-10,수어 API,10988
2024-07-11,로그인 API,9475
2024-07-11,AI튜터 API,12729
2024-07-11,STT API,7299
2024-07-11,수어 API,10471
2024-07-12,로그인 API,14538
2024-07-12,AI튜터 API,12532
2024-07-12,STT API,7821
2024-07-12,수어 API,9571
2024-07-13,로그인 API,12886
2024-07-13,AI튜터 API,10010
2024-07-13,STT API,13613
2024-07-13,수어 API,14186
2024-07-14,로그인 API,10344
2024-07-14,AI튜터 API,8103
2024-07-14,STT API,14129
2024-07-14,수어 API,11039
2024-07-15,로그인 API,14603
2024-07-15,AI튜터 API,6772
2024-07-15,STT API,12561
2024-07-15,수어 API,7961
2024-07-16,로그인 API,8877
2024-07-16,AI튜터 API,12226
2024-07-16,STT API,6934
2024-07-16,수어 API,10656
2024-07-17,로그인 API,9330
2024-07-17,AI튜터 API,6385
2024-07-17,STT API,14196
2024-07-17,수어 API,7030
2024-07-18,로그인 API,11484
2024-07-18,AI튜터 API,9150
2024-07-18,STT API,12701
2024-07-18,수어 API,8039
2024-07-19,로그인 API,7619
2024-07-19,AI튜터 API,8226
2024-07-19,STT API,9180
2024-07-19,수어 API,11384
2024-07-20,로그인 API,8604
2024-07-20,AI튜터 API,9022
2024-07-20,STT API,14644
2024-07-20,수어 API,5864
2024-07-21,로그인 API,13250
2024-07-21,AI튜터 API,14999
2024-07-21,STT API,8399
2024-07-21,수어 API,9791
2024-07-22,로그인 API,7372
2024-07-22,AI튜터 API,12032
2024-07-22,STT API,13796
2024-07-22,수어 API,8424
2024-07-23,로그인 API,10824
2024-07-23,AI튜터 API,7262
2024-07-23,STT API,8975
2024-07-23,수어 API,7305
2024-07-24,로그인 API,13070
2024-07-24,AI튜터 API,5776
2024-07-24,STT API,5625
2024-07-24,수어 API,10870
2024-07-25,로그인 API,11935
2024-07-25,AI튜터 API,7666
2024-07-25,STT API,12539
2024-07-25,수어 API,11037
2024-07-26,로그인 API,14424
2024-07-26,AI튜터 API,6583
2024-07-26,STT API,5602
2024-07-26,수어 API,11747
2024-07-27,로그인 API,9381
2024-07-27,AI튜터 API,14123
2024-07-27,STT API,14263
2024-07-27,수어 API,11363
2024-07-28,로그인 API,5770
2024-07-28,AI튜터 API,14829
2024-07-28,STT API,5681
2024-07-28,수어 API,12163
2024-07-29,로그인 API,5456
2024-07-29,AI튜터 API,14911
2024-07-29,STT API,7125
2024-07-29,수어 API,14745
2024-07-30,로그인 API,13007
2024-07-30,AI튜터 API,14340
2024-07-30,STT API,13487
2024-07-30,수어 API,5578
2024-07-31,로그인 API,11556
2024-07-31,AI튜터 API,14253
2024-07-31,STT API,13976
2024-07-31,수어 API,8691
2024-08-01,로그인 API,5486
2024-08-01,AI튜터 API,9345
2024-08-01,STT API,11427
2024-08-01,수어 API,11400
2024-08-02,로그인 API,14783
2024-08-02,AI튜터 API,10423
2024-08-02,STT API,13090
2024-08-02,수어 API,13012
2024-08-03,로그인 API,14296
2024-08-03,AI튜터 API,12382
2024-08-03,STT API,5720
2024-08-03,수어 API,12406
2024-08-04,로그인 API,11084
2024-08-04,AI튜터 API,7506
2024-08-04,STT API,7310
2024-08-04,수어 API,9844
2024-08-05,로그인 API,12829
2024-08-05,AI튜터 API,14518
2024-08-05,STT API,14112
2024-08-05,수어 API,11230
2024-08-06,로그인 API,5169
2024-08-06,AI튜터 API,5501
2024-08-06,STT API,7742
2024-08-06,수어 API,14019
2024-08-07,로그인 API,6538
2024-08-07,AI튜터 API,14685
2024-08-07,STT API,13169
2024-08-07,수어 API,7851
2024-08-08,로그인 API,13583
2024-08-08,AI튜터 API,6469
2024-08-08,STT API,12118
2024-08-08,수어 API,6235
2024-08-09,로그인 API,14988
2024-08-09,AI튜터 API,11831
2024-08-09,STT API,8114
2024-08-09,수어 API,9190
2024-08-10,로그인 API,13870
2024-08-10,AI튜터 API,10219
2024-08-10,STT API,8672
2024-08-10,수어 API,14952
2024-08-11,로그인 API,9378
2024-08-11,AI튜터 API,13772
2024-08-11,STT API,13051
2024-08-11,수어 API,12555
2024-08-12,로그인 API,9749
2024-08-12,AI튜터 API,8273
2024-08-12,STT API,5373
2024-08-12,수어 API,13703
2024-08-13,로그인 API,11951
2024-08-13,AI튜터 API,13543
2024-08-13,STT API,9680
2024-08-13,수어 API,8097
2024-08-14,로그인 API,6292
2024-08-14,AI튜터 API,11040
2024-08-14,STT API,7323
2024-08-14,수어 API,9048
2024-08-15,로그인 API,11427
2024-08-15,AI튜터 API,9023
2024-08-15,STT API,6791
2024-08-15,수어 API,7850
2024-08-16,로그인 API,9045
2024-08-16,AI튜터 API,9620
2024-08-16,STT API,10614
2024-08-16,수어 API,8727
2024-08-17,로그인 API,14311
2024-08-17,AI튜터 API,14768
2024-08-17,STT API,13608
2024-08-17,수어 API,11785
2024-08-18,로그인 API,8196
2024-08-18,AI튜터 API,8440
2024-08-18,STT API,6444
2024-08-18,수어 API,8884
2024-08-19,로그인 API,8193
2024-08-19,AI튜터 API,7701
2024-08-19,STT API,10921
2024-08-19,수어 API,12918
2024-08-20,로그인 API,10000
2024-08-20,AI튜터 API,11523
2024-08-20,STT API,10227
2024-08-20,수어 API,12142
2024-08-21,로그인 API,6943
2024-08-21,AI튜터 API,9226
2024-08-21,STT API,14799
2024-08-21,수어 API,10285
2024-08-22,로그인 API,13701
2024-08-22,AI튜터 API,13938
2024-08-22,STT API,11945
2024-08-22,수어 API,10084
2024-08-23,로그인 API,12338
2024-08-23,AI튜터 API,7075
2024-08-23,STT API,12684
2024-08-23,수어 API,6110
2024-08-24,로그인 API,14539
2024-08-24,AI튜터 API,10320
2024-08-24,STT API,10083
2024-08-24,수어 API,11906
2024-08-25,로그인 API,11068
2024-08-25,AI튜터 API,10343
2024-08-25,STT API,5515
2024-08-25,수어 API,14559
2024-08-26,로그인 API,9301
2024-08-26,AI튜터 API,14010
2024-08-26,STT API,10401
2024-08-26,수어 API,8867
2024-08-27,로그인 API,11710
2024-08-27,AI튜터 API,5270
2024-08-27,STT API,9822
2024-08-27,수어 API,9942
2024-08-28,로그인 API,6334
2024-08-28,AI튜터 API,9163
2024-08-28,STT API,6759
2024-08-28,수어 API,12982
2024-08-29,로그인 API,14839
2024-08-29,AI튜터 API,6221
2024-08-29,STT API,5439
2024-08-29,수어 API,8911
2024-08-30,로그인 API,5405
2024-08-30,AI튜터 API,9299
2024-08-30,STT API,10073
2024-08-30,수어 API,6866
2024-08-31,로그인 API,5032
2024-08-31,AI튜터 API,7557
2024-08-31,STT API,13112
2024-08-31,수어 API,8691
2024-09-01,로그인 API,5940
2024-09-01,AI튜터 API,10952
2024-09-01,STT API,13904
2024-09-01,수어 API,8068
2024-09-02,로그인 API,10177
2024-09-02,AI튜터 API,9806
2024-09-02,STT API,5199
2024-09-02,수어 API,9294
2024-09-03,로그인 API,11318
2024-09-03,AI튜터 API,12401
2024-09-03,STT API,14941
2024-09-03,수어 API,6783
2024-09-04,로그인 API,7872
2024-09-04,AI튜터 API,14480
2024-09-04,STT API,8779
2024-09-04,수어 API,11407
2024-09-05,로그인 API,9266
2024-09-05,AI튜터 API,12718
2024-09-05,STT API,11969
2024-09-05,수어 API,14040
2024-09-06,로그인 API,14657
2024-09-06,AI튜터 API,9196
2024-09-06,STT API,14389
2024-09-06,수어 API,11479
2024-09-07,로그인 API,12691
2024-09-07,AI튜터 API,8865
2024-09-07,STT API,10371
2024-09-07,수어 API,5770
2024-09-08,로그인 API,13228
2024-09-08,AI튜터 API,5249
2024-09-08,STT API,7313
2024-09-08,수어 API,14749
2024-09-09,로그인 API,14498
2024-09-09,AI튜터 API,9914
2024-09-09,STT API,8802
2024-09-09,수어 API,13053
2024-09-10,로그인 API,9665
2024-09-10,AI튜터 API,13579
2024-09-10,STT API,12477
2024-09-10,수어 API,12595
2024-09-11,로그인 API,8413
2024-09-11,AI튜터 API,12600
2024-09-11,STT API,8804
2024-09-11,수어 API,6193
2024-09-12,로그인 API,9120
2024-09-12,AI튜터 API,5155
2024-09-12,STT API,9587
2024-09-12,수어 API,7829
2024-09-13,로그인 API,7579
2024-09-13,AI튜터 API,8039
2024-09-13,STT API,7679
2024-09-13,수어 API,12054
2024-09-14,로그인 API,12222
2024-09-14,AI튜터 API,9375
2024-09-14,STT API,5873
2024-09-14,수어 API,5889
2024-09-15,로그인 API,5059
2024-09-15,AI튜터 API,14703
2024-09-15,STT API,9552
2024-09-15,수어 API,6128
2024-09-16,로그인 API,8004
2024-09-16,AI튜터 API,12022
2024-09-16,STT API,5547
2024-09-16,수어 API,8655
2024-09-17,로그인 API,11678
2024-09-17,AI튜터 API,7650
2024-09-17,STT API,8718
2024-09-17,수어 API,12566
2024-09-18,로그인 API,12136
2024-09-18,AI튜터 API,12638
2024-09-18,STT API,9946
2024-09-18,수어 API,12454
2024-09-19,로그인 API,7592
2024-09-19,AI튜터 API,13017
2024-09-19,STT API,11217
2024-09-19,수어 API,10384
2024-09-20,로그인 API,5596
2024-09-20,AI튜터 API,9697
2024-09-20,STT API,10811
2024-09-20,수어 API,13116
2024-09-21,로그인 API,13368
2024-09-21,AI튜터 API,7922
2024-09-21,STT API,8585
2024-09-21,수어 API,8986
2024-09-22,로그인 API,5452
2024-09-22,AI튜터 API,10068
2024-09-22,STT API,11869
2024-09-22,수어 API,10840
2024-09-23,로그인 API,12130
2024-09-23,AI튜터 API,11046
2024-09-23,STT API,13456
2024-09-23,수어 API,6923
2024-09-24,로그인 API,8485
2024-09-24,AI튜터 API,12433
2024-09-24,STT API,13947
2024-09-24,수어 API,7505
2024-09-25,로그인 API,10158
2024-09-25,AI튜터 API,14417
2024-09-25,STT API,12674
2024-09-25,수어 API,9714
2024-09-26,로그인 API,7329
2024-09-26,AI튜터 API,12090
2024-09-26,STT API,5244
2024-09-26,수어 API,9936
2024-09-27,로그인 API,14567
2024-09-27,AI튜터 API,10460
2024-09-27,STT API,7652
2024-09-27,수어 API,13906
2024-09-28,로그인 API,10109
2024-09-28,AI튜터 API,12504
2024-09-28,STT API,7840
2024-09-28,수어 API,10205
2024-09-29,로그인 API,10449
2024-09-29,AI튜터 API,7770
2024-09-29,STT API,7004
2024-09-29,수어 API,9159
2024-09-30,로그인 API,8851
2024-09-30,AI튜터 API,8782
2024-09-30,STT API,10623
2024-09-30,수어 API,12731
2024-10-01,로그인 API,14249
2024-10-01,AI튜터 API,8142
2024-10-01,STT API,7408
2024-10-01,수어 API,14556
2024-10-02,로그인 API,13201
2024-10-02,AI튜터 API,11527
2024-10-02,STT API,6408
2024-10-02,수어 API,9164
2024-10-03,로그인 API,10476
2024-10-03,AI튜터 API,13092
2024-10-03,STT API,9074
2024-10-03,수어 API,12007
2024-10-04,로그인 API,11192
2024-10-04,AI튜터 API,9044
2024-10-04,STT API,9979
2024-10-04,수어 API,6337
2024-10-05,로그인 API,12229
2024-10-05,AI튜터 API,14676
2024-10-05,STT API,13697
2024-10-05,수어 API,8078
2024-10-06,로그인 API,5485
2024-10-06,AI튜터 API,12633
2024-10-06,STT API,7301
2024-10-06,수어 API,6306
2024-10-07,로그인 API,12747
2024-10-07,AI튜터 API,12535
2024-10-07,STT API,5902
2024-10-07,수어 API,10612
2024-10-08,로그인 API,10046
2024-10-08,AI튜터 API,6366
2024-10-08,STT API,11446
2024-10-08,수어 API,14300
2024-10-09,로그인 API,9433
2024-10-09,AI튜터 API,11528
2024-10-09,STT API,11927
2024-10-09,수어 API,6599
2024-10-10,로그인 API,5993
2024-10-10,AI튜터 API,7909
2024-10-10,STT API,14673
2024-10-10,수어 API,9143
2024-10-11,로그인 API,11836
2024-10-11,AI튜터 API,13145
2024-10-11,STT API,8933
2024-10-11,수어 API,12768
2024-10-12,로그인 API,13638
2024-10-12,AI튜터 API,9731
2024-10-12,STT API,8277
2024-10-12,수어 API,9586
2024-10-13,로그인 API,11876
2024-10-13,AI튜터 API,6756
2024-10-13,STT API,7997
2024-10-13,수어 API,6681
2024-10-14,로그인 API,7080
2024-10-14,AI튜터 API,5866
2024-10-14,STT API,6276
2024-10-14,수어 API,11575
2024-10-15,로그인 API,7535
2024-10-15,AI튜터 API,5926
2024-10-15,STT API,12839
2024-10-15,수어 API,10931
2024-10-16,로그인 API,9846
2024-10-16,AI튜터 API,11960
2024-10-16,STT API,10662
2024-10-16,수어 API,6401
2024-10-17,로그인 API,8093
2024-10-17,AI튜터 API,9352
2024-10-17,STT API,6110
2024-10-17,수어 API,14204
2024-10-18,로그인 API,12916
2024-10-18,AI튜터 API,6499
2024-10-18,STT API,13107
2024-10-18,수어 API,7543
2024-10-19,로그인 API,9719
2024-10-19,AI튜터 API,11356
2024-10-19,STT API,10549
2024-10-19,수어 API,12835
2024-10-20,로그인 API,10192
2024-10-20,AI튜터 API,5865
2024-10-20,STT API,5914
2024-10-20,수어 API,11070
2024-10-21,로그인 API,8397
2024-10-21,AI튜터 API,8844
2024-10-21,STT API,9976
2024-10-21,수어 API,9865
2024-10-22,로그인 API,7106
2024-10-22,AI튜터 API,5853
2024-10-22,STT API,13209
2024-10-22,수어 API,10392
2024-10-23,로그인 API,6454
2024-10-23,AI튜터 API,11672
2024-10-23,STT API,8672
2024-10-23,수어 API,10151
2024-10-24,로그인 API,9838
2024-10-24,AI튜터 API,11336
2024-10-24,STT API,11971
2024-10-24,수어 API,14478
2024-10-25,로그인 API,5962
2024-10-25,AI튜터 API,7451
2024-10-25,STT API,14755
2024-10-25,수어 API,6901
2024-10-26,로그인 API,7786
2024-10-26,AI튜터 API,5334
2024-10-26,STT API,9724
2024-10-26,수어 API,6652
2024-10-27,로그인 API,9574
2024-10-27,AI튜터 API,6734
2024-10-27,STT API,6276
2024-10-27,수어 API,14896
2024-10-28,로그인 API,8544
2024-10-28,AI튜터 API,11542
2024-10-28,STT API,5329
2024-10-28,수어 API,10152
2024-10-29,로그인 API,5457
2024-10-29,AI튜터 API,14774
2024-10-29,STT API,11088
2024-10-29,수어 API,10021
2024-10-30,로그인 API,10263
2024-10-30,AI튜터 API,13273
2024-10-30,STT API,5026
2024-10-30,수어 API,5563
2024-10-31,로그인 API,12477
2024-10-31,AI튜터 API,14702
2024-10-31,STT API,10934
2024-10-31,수어 API,12581
2024-11-01,로그인 API,14265
2024-11-01,AI튜터 API,11971
2024-11-01,STT API,9323
2024-11-01,수어 API,11014
2024-11-02,로그인 API,6716
2024-11-02,AI튜터 API,10511
2024-11-02,STT API,12041
2024-11-02,수어 API,6058
2024-11-03,로그인 API,7714
2024-11-03,AI튜터 API,8161
2024-11-03,STT API,10378
2024-11-03,수어 API,14899
2024-11-04,로그인 API,9470
2024-11-04,AI튜터 API,13642
2024-11-04,STT API,14293
2024-11-04,수어 API,11404
2024-11-05,로그인 API,9332
2024-11-05,AI튜터 API,10206
2024-11-05,STT API,7018
2024-11-05,수어 API,13444
2024-11-06,로그인 API,9068
2024-11-06,AI튜터 API,7025
2024-11-06,STT API,9185
2024-11-06,수어 API,11238
2024-11-07,로그인 API,5813
2024-11-07,AI튜터 API,9300
2024-11-07,STT API,10941
2024-11-07,수어 API,7927
2024-11-08,로그인 API,8505
2024-11-08,AI튜터 API,9814
2024-11-08,STT API,9639
2024-11-08,수어 API,13581
2024-11-09,로그인 API,11743
2024-11-09,AI튜터 API,11424
2024-11-09,STT API,7220
2024-11-09,수어 API,12622
2024-11-10,로그인 API,5458
2024-11-10,AI튜터 API,5254
2024-11-10,STT API,12210
2024-11-10,수어 API,14920
2024-11-11,로그인 API,10356
2024-11-11,AI튜터 API,14538
2024-11-11,STT API,6541
2024-11-11,수어 API,5228
2024-11-12,로그인 API,6221
2024-11-12,AI튜터 API,8093
2024-11-12,STT API,5227
2024-11-12,수어 API,6414
2024-11-13,로그인 API,5264
2024-11-13,AI튜터 API,6612
2024-11-13,STT API,6719
2024-11-13,수어 API,9479
2024-11-14,로그인 API,6967
2024-11-14,AI튜터 API,14380
2024-11-14,STT API,10563
2024-11-14,수어 API,14104
2024-11-15,로그인 API,5586
2024-11-15,AI튜터 API,9712
2024-11-15,STT API,10917
2024-11-15,수어 API,9484
2024-11-16,로그인 API,10535
2024-11-16,AI튜터 API,6965
2024-11-16,STT API,8210
2024-11-16,수어 API,5982
2024-11-17,로그인 API,14843
2024-11-17,AI튜터 API,12564
2024-11-17,STT API,7665
2024-11-17,수어 API,7200
2024-11-18,로그인 API,10054
2024-11-18,AI튜터 API,13586
2024-11-18,STT API,13522
2024-11-18,수어 API,8512
2024-11-19,로그인 API,7510
2024-11-19,AI튜터 API,12037
2024-11-19,STT API,10427
2024-11-19,수어 API,6727
2024-11-20,로그인 API,10155
2024-11-20,AI튜터 API,12218
2024-11-20,STT API,7688
2024-11-20,수어 API,7302
2024-11-21,로그인 API,13056
2024-11-21,AI튜터 API,7208
2024-11-21,STT API,12085
2024-11-21,수어 API,6738
2024-11-22,로그인 API,11275
2024-11-22,AI튜터 API,12244
2024-11-22,STT API,13858
2024-11-22,수어 API,9085
2024-11-23,로그인 API,10884
2024-11-23,AI튜터 API,11187
2024-11-23,STT API,8112
2024-11-23,수어 API,10619
2024-11-24,로그인 API,5269
2024-11-24,AI튜터 API,13681
2024-11-24,STT API,14747
2024-11-24,수어 API,9326
2024-11-25,로그인 API,10673
2024-11-25,AI튜터 API,7054
2024-11-25,STT API,14551
2024-11-25,수어 API,14964
2024-11-26,로그인 API,11609
2024-11-26,AI튜터 API,12963
2024-11-26,STT API,8612
2024-11-26,수어 API,12200
2024-11-27,로그인 API,6828
2024-11-27,AI튜터 API,7893
2024-11-27,STT API,10869
2024-11-27,수어 API,10833
2024-11-28,로그인 API,10904
2024-11-28,AI튜터 API,10132
2024-11-28,STT API,8051
2024-11-28,수어 API,8482
2024-11-29,로그인 API,6504
2024-11-29,AI튜터 API,11850
2024-11-29,STT API,5550
2024-11-29,수어 API,6432
2024-11-30,로그인 API,7569
2024-11-30,AI튜터 API,10473
2024-11-30,STT API,6330
2024-11-30,수어 API,7514
2024-12-01,로그인 API,12087
2024-12-01,AI튜터 API,14450
2024-12-01,STT API,5394
2024-12-01,수어 API,13567
2024-12-02,로그인 API,9254
2024-12-02,AI튜터 API,12148
2024-12-02,STT API,7322
2024-12-02,수어 API,6336
2024-12-03,로그인 API,14464
2024-12-03,AI튜터 API,8615
2024-12-03,STT API,9692
2024-12-03,수어 API,9295
2024-12-04,로그인 API,14247
2024-12-04,AI튜터 API,10039
2024-12-04,STT API,11759
2024-12-04,수어 API,11520
2024-12-05,로그인 API,5457
2024-12-05,AI튜터 API,5921
2024-12-05,STT API,11115
2024-12-05,수어 API,6045
2024-12-06,로그인 API,7261
2024-12-06,AI튜터 API,10360
2024-12-06,STT API,11667
2024-12-06,수어 API,9843
2024-12-07,로그인 API,12138
2024-12-07,AI튜터 API,9012
2024-12-07,STT API,12227
2024-12-07,수어 API,8551
2024-12-08,로그인 API,14111
2024-12-08,AI튜터 API,7048
2024-12-08,STT API,11718
2024-12-08,수어 API,6579
2024-12-09,로그인 API,9275
2024-12-09,AI튜터 API,12668
2024-12-09,STT API,13812
2024-12-09,수어 API,7876
2024-12-10,로그인 API,9348
2024-12-10,AI튜터 API,9491
2024-12-10,STT API,5099
2024-12-10,수어 API,12622
2024-12-11,로그인 API,11533
2024-12-11,AI튜터 API,5056
2024-12-11,STT API,8243
2024-12-11,수어 API,12664
2024-12-12,로그인 API,14292
2024-12-12,AI튜터 API,12534
2024-12-12,STT API,10460
2024-12-12,수어 API,6694
2024-12-13,로그인 API,11096
2024-12-13,AI튜터 API,13731
2024-12-13,STT API,5367
2024-12-13,수어 API,12247
2024-12-14,로그인 API,7093
2024-12-14,AI튜터 API,9192
2024-12-14,STT API,6276
2024-12-14,수어 API,12444
2024-12-15,로그인 API,7471
2024-12-15,AI튜터 API,5560
2024-12-15,STT API,13134
2024-12-15,수어 API,6855
2024-12-16,로그인 API,14108
2024-12-16,AI튜터 API,6908
2024-12-16,STT API,5740
2024-12-16,수어 API,7507
2024-12-17,로그인 API,14137
2024-12-17,AI튜터 API,13888
2024-12-17,STT API,14317
2024-12-17,수어 API,5280
2024-12-18,로그인 API,11211
2024-12-18,AI튜터 API,6238
2024-12-18,STT API,10448
2024-12-18,수어 API,7023
2024-12-19,로그인 API,13774
2024-12-19,AI튜터 API,10923
2024-12-19,STT API,13749
2024-12-19,수어 API,10209
2024-12-20,로그인 API,12374
2024-12-20,AI튜터 API,12770
2024-12-20,STT API,6892
2024-12-20,수어 API,5523
2024-12-21,로그인 API,11194
2024-12-21,AI튜터 API,13782
2024-12-21,STT API,11491
2024-12-21,수어 API,6706
2024-12-22,로그인 API,7355
2024-12-22,AI튜터 API,10452
2024-12-22,STT API,11699
2024-12-22,수어 API,5068
2024-12-23,로그인 API,6096
2024-12-23,AI튜터 API,11328
2024-12-23,STT API,6800
2024-12-23,수어 API,5196
2024-12-24,로그인 API,5450
2024-12-24,AI튜터 API,10192
2024-12-24,STT API,14974
2024-12-24,수어 API,6198
2024-12-25,로그인 API,12219
2024-12-25,AI튜터 API,14080
2024-12-25,STT API,6317
2024-12-25,수어 API,9220
2024-12-26,로그인 API,9278
2024-12-26,AI튜터 API,7413
2024-12-26,STT API,10225
2024-12-26,수어 API,8490
2024-12-27,로그인 API,5079
2024-12-27,AI튜터 API,5541
2024-12-27,STT API,9796
2024-12-27,수어 API,10409
2024-12-28,로그인 API,13865
2024-12-28,AI튜터 API,8523
2024-12-28,STT API,7411
2024-12-28,수어 API,8087
2024-12-29,로그인 API,14940
2024-12-29,AI튜터 API,12012
2024-12-29,STT API,9988
2024-12-29,수어 API,14999
2024-12-30,로그인 API,8663
2024-12-30,AI튜터 API,11361
2024-12-30,STT API,9763
2024-12-30,수어 API,8387
2024-12-31,로그인 API,13321
2024-12-31,AI튜터 API,6875
2024-12-31,STT API,7289
2024-12-31,수어 API,14267
