date,logins
2024-01-01,1369
2024-01-02,1859
2024-01-03,1984
2024-01-04,1346
2024-01-05,1761
2024-01-06,1129
2024-01-07,1001
2024-01-08,1724
2024-01-09,1591
2024-01-10,1602
2024-01-11,1570
2024-01-12,1304
2024-01-13,1591
2024-01-14,1985
2024-01-15,1303
2024-01-16,1598
2024-01-17,1858
2024-01-18,1235
2024-01-19,1846
2024-01-20,1312
2024-01-21,1620
2024-01-22,1933
2024-01-23,1864
2024-01-24,1735
2024-01-25,1636
2024-01-26,1590
2024-01-27,1780
2024-01-28,1610
2024-01-29,1218
2024-01-30,1872
2024-01-31,1102
2024-02-01,1654
2024-02-02,1785
2024-02-03,1928
2024-02-04,1643
2024-02-05,1235
2024-02-06,1019
2024-02-07,1442
2024-02-08,1761
2024-02-09,1448
2024-02-10,1024
2024-02-11,1495
2024-02-12,1235
2024-02-13,1107
2024-02-14,1010
2024-02-15,1747
2024-02-16,1108
2024-02-17,1026
2024-02-18,1871
2024-02-19,1259
2024-02-20,1201
2024-02-21,1613
2024-02-22,1796
2024-02-23,1964
2024-02-24,1259
2024-02-25,1943
2024-02-26,1936
2024-02-27,1180
2024-02-28,1727
2024-02-29,1859
2024-03-01,1228
2024-03-02,1393
2024-03-03,1288
2024-03-04,1801
2024-03-05,1368
2024-03-06,1853
2024-03-07,1420
2024-03-08,1488
2024-03-09,1472
2024-03-10,1892
2024-03-11,1678
2024-03-12,1410
2024-03-13,1052
2024-03-14,1360
2024-03-15,1550
2024-03-16,1884
2024-03-17,1898
2024-03-18,1270
2024-03-19,1003
2024-03-20,1579
2024-03-21,1081
2024-03-22,1662
2024-03-23,1931
2024-03-24,1055
2024-03-25,1137
2024-03-26,1304
2024-03-27,1486
2024-03-28,1622
2024-03-29,1010
2024-03-30,1675
2024-03-31,1011
2024-04-01,1724
2024-04-02,1962
2024-04-03,1260
2024-04-04,1704
2024-04-05,1384
2024-04-06,1475
2024-04-07,1141
2024-04-08,1575
2024-04-09,1061
2024-04-10,1456
2024-04-11,1497
2024-04-12,1744
2024-04-13,1409
2024-04-14,1832
2024-04-15,1666
2024-04-16,1787
2024-04-17,1960
2024-04-18,1601
2024-04-19,1106
2024-04-20,1073
2024-04-21,1061
2024-04-22,1785
2024-04-23,1482
2024-04-24,1898
2024-04-25,1576
2024-04-26,1612
2024-04-27,1834
2024-04-28,1023
2024-04-29,1001
2024-04-30,1289
2024-05-01,1024
2024-05-02,1256
2024-05-03,1029
2024-05-04,1545
2024-05-05,1715
2024-05-06,1289
2024-05-07,1006
2024-05-08,1861
2024-05-09,1621
2024-05-10,1963
2024-05-11,1594
2024-05-12,1410
2024-05-13,1135
2024-05-14,1054
2024-05-15,1949
2024-05-16,1998
2024-05-17,1766
2024-05-18,1843
2024-05-19,1251
2024-05-20,1104
2024-05-21,1130
2024-05-22,1224
2024-05-23,1396
2024-05-24,1867
2024-05-25,1601
2024-05-26,1812
2024-05-27,1064
2024-05-28,1268
2024-05-29,1059
2024-05-30,1045
2024-05-31,1742
2024-06-01,1156
2024-06-02,1517
2024-06-03,1872
2024-06-04,1226
2024-06-05,1624
2024-06-06,1017
2024-06-07,1518
2024-06-08,1962
2024-06-09,1146
2024-06-10,1506
2024-06-11,1346
2024-06-12,1095
2024-06-13,1854
2024-06-14,1488
2024-06-15,1919
2024-06-16,1729
2024-06-17,1966
2024-06-18,1552
2024-06-19,1647
2024-06-20,1604
2024-06-21,1942
2024-06-22,1338
2024-06-23,1708
2024-06-24,1583
2024-06-25,1444
2024-06-26,1058
2024-06-27,1134
2024-06-28,1669
2024-06-29,1652
2024-06-30,1577
